id;start_time;end_time;language_id;location_id
1;2021-05-01T08:09:24;2021-05-02T04:57:44;1;1
2;2021-05-02T00:56:09;2021-05-01T14:30:13;2;2
3;2021-05-02T00:48:09;2021-05-01T07:54:33;3;3
4;2021-05-01T10:37:43;2021-05-02T02:19:05;4;4
5;2021-05-01T11:39:36;2021-05-01T16:28:26;5;5
6;2021-05-02T04:04:06;2021-05-02T00:20:24;6;6
7;2021-05-01T21:26:18;2021-05-02T01:24:44;7;7
8;2021-05-01T19:55:02;2021-05-02T02:42:57;8;8
9;2021-05-01T08:35:08;2021-05-01T12:24:30;9;9
10;2021-05-01T07:36:48;2021-05-01T23:20:56;10;10
